
SET IDENTITY_INSERT TipoDanio ON;

INSERT INTO TipoDanio (Id, Descripcion,Editable) VALUES 
(1, N'Leve',1),
(2, N'Moderado',1),
(3, N'Severo',1);

SET IDENTITY_INSERT TipoDanio OFF;


-- 
SET IDENTITY_INSERT ZonaPlanificacion ON;

INSERT INTO ZonaPlanificacion (Id, Zona, KmInicio, KmFin,Editable) VALUES 
(1, N'IA', 0, 3,1),
(2, N'IB', 3, 5,1),
(3, N'IC', 5, 10,1),
(4, N'II', 10, 30,1);

SET IDENTITY_INSERT ZonaPlanificacion OFF;

-- 

SET IDENTITY_INSERT AlteracionInterrupcion ON;

INSERT INTO AlteracionInterrupcion (Id, Descripcion,Editable) VALUES 
(1, N'Alteración',1),
(2, N'Interrupción',1);

SET IDENTITY_INSERT AlteracionInterrupcion OFF;


SET IDENTITY_INSERT GrupoImpacto ON;
INSERT INTO dbo.GrupoImpacto (Id, Descripcion, Borrado, Editable) VALUES 
(1, N'Personas', 0, 1), 
(2, N'Servicios básicos', 0, 1), 
(3, N'Daños', 0, 1), 
(4, N'Medio natural y otros', 0, 1); 
SET IDENTITY_INSERT GrupoImpacto OFF;


SET IDENTITY_INSERT GrIconoImpacto ON;
INSERT INTO GrIconoImpacto (id, Descripcion, IdGrupoImpacto, Imagen, Borrado, Editable) VALUES 
(1, N'Personas', 1, N'persona', 0, 1), 
(2, N'Suministros básicos', 2, N'grifo', 0, 1), 
(3, N'Servicios de transportes', 2, N'autobus', 0, 1), 
(4, N'Vialidad', 2, N'carretera', 0, 1), 
(5, N'Daños', 3, N'edificio', 0, 1), 
(6, N'Medio natural y otros', 4, N'hoja', 0, 1); 
SET IDENTITY_INSERT dbo.GrIconoImpacto OFF;


SET IDENTITY_INSERT SubGrupoImpacto ON;
INSERT INTO SubGrupoImpacto (id, Descripcion, IdGrIconoImpacto, Borrado, Editable) VALUES 
(1, N'Personas', 1, 0, 1), 
(2, N'Suministros básicos', 2, 0, 1), 
(3, N'Servicios de transportes', 3, 0, 1), 
(4, N'Vialidad', 4, 0, 1), 
(5, N'Daños en edificaciones', 5, 0, 1), 
(6, N'Daños en redes de distribución', 5, 0, 1), 
(7, N'Daños en construcciones de especial importancia', 5, 0, 1), 
(8, N'Otros daños', 5, 0, 1), 
(9, N'Medio natural', 6, 0, 1), 
(10, N'Otras actuaciones/consecuencias', 6, 0, 1); 
SET IDENTITY_INSERT SubGrupoImpacto OFF;


SET IDENTITY_INSERT TipoImpacto ON;
INSERT INTO TipoImpacto (id, Descripcion, Borrado, Editable) VALUES 
(1, N'Fallecidos ', 0, 1), 
(2, N'Desaparecidos', 0, 1), 
(3, N'Personas sin hogar', 0, 1), 
(4, N'Personas aisladas', 0, 1), 
(5, N'Heridos', 0, 1), 
(6, N'Búsqueda y rescate de personas', 0, 1), 
(7, N'Supervivientes', 0, 1), 
(8, N'Evacuación', 0, 1), 
(9, N'Albergue y realojo', 0, 1), 
(10, N'Confinamiento', 0, 1), 
(11, N'Asistencia psicosocial', 0, 1), 
(12, N'Otras actuaciones sobre personas', 0, 1), 
(13, N'Asistencia sanitaria', 0, 1), 
(14, N'Profilaxis radiológica', 0, 1), 
(15, N'Medidas de protección personal', 0, 1), 
(16, N'Descontaminación de personas', 0, 1), 
(17, N'Anomalias en el suministro de agua', 0, 1), 
(18, N'Anomalias en el suministro de electricidad', 0, 1), 
(19, N'Anomalias en el suministro de gas', 0, 1), 
(20, N'Anomalias en la red de alcantarillado', 0, 1), 
(21, N'Anomalias en la red de saneamiento', 0, 1), 
(22, N'Interrupción de servicios educativos', 0, 1), 
(23, N'Interrupción de servicios sanitarios', 0, 1), 
(24, N'Anomalias en las comunicaciones telefónicas y telemáticas', 0, 1), 
(25, N'Anomalias en el tráfico ferroviario', 0, 1), 
(26, N'Anomalias en el tráfico aéreo', 0, 1), 
(27, N'Anomalias en el tráfico marítimo', 0, 1), 
(28, N'Restablecimiento de servicios básicos', 0, 1), 
(29, N'Vialidad', 0, 1), 
(30, N'Daños en edificaciones', 0, 1), 
(31, N'Daños en la red de suministro de agua', 0, 1), 
(32, N'Daños en la red de distribución eléctrica', 0, 1), 
(33, N'Daños en la red de distribución de gas', 0, 1), 
(34, N'Daños en la red de saneamiento', 0, 1), 
(35, N'Daños en vías urbanas', 0, 1), 
(36, N'Daños en carreteras', 0, 1), 
(37, N'Daños en la red de ferrocarril', 0, 1), 
(38, N'Daños en las telecomunicaciones', 0, 1), 
(39, N'Daños en oleoductos', 0, 1), 
(40, N'Daños en puertos marítimos', 0, 1), 
(41, N'Daños en aeropuertos', 0, 1), 
(42, N'Daños en bienes industriales', 0, 1), 
(43, N'Daños en presas', 0, 1), 
(44, N'Daños en construcciones de servicios básicos', 0, 1), 
(45, N'Daños en otras construcciones de especial importancia', 0, 1), 
(46, N'Otros daños en zonas urbanas', 0, 1), 
(47, N'Daños en bienes agropecuarios', 0, 1), 
(48, N'Efectos geomorfológicos', 0, 1), 
(49, N'Efectos hidrológicos', 0, 1), 
(50, N'Contaminación', 0, 1), 
(51, N'Control de accesos', 0, 1), 
(52, N'Control de agua y alimentos', 0, 1), 
(53, N'Estabulación de animales', 0, 1), 
(54, N'Otros efectos en el medio natural', 0, 1), 
(55, N'Otras actuaciones/consecuencias', 0, 1); 
SET IDENTITY_INSERT dbo.TipoImpacto OFF;


SET IDENTITY_INSERT CategoriaImpacto ON;
INSERT INTO CategoriaImpacto (Id, Descripcion, IdSubGrupoImpacto, Borrado, Editable ) VALUES 
(1, N'Fallecidos ', 1, 0, 1), 
(2, N'Desaparecidos', 1, 0, 1), 
(3, N'Personas sin hogar', 1, 0, 1), 
(4, N'Personas aisladas', 1, 0, 1), 
(5, N'Heridos', 1, 0, 1), 
(6, N'Rescate de personas', 1, 0, 1), 
(7, N'Supervivientes', 1, 0, 1), 
(8, N'Evacuación', 1, 0, 1), 
(9, N'Albergue', 1, 0, 1), 
(10, N'Confinamiento', 1, 0, 1), 
(11, N'Realojo', 1, 0, 1), 
(12, N'Asistencia psicosocial', 1, 0, 1), 
(13, N'Búsqueda de personas', 1, 0, 1), 
(14, N'Identificación de cadáveres', 1, 0, 1), 
(15, N'Asistencia sanitaria', 1, 0, 1), 
(16, N'Asistencia a víctimas y familiares', 1, 0, 1), 
(17, N'Profilaxis radiológica', 1, 0, 1), 
(18, N'Medidas de protección personal', 1, 0, 1), 
(19, N'Activación de ECD/ABRS', 1, 0, 1), 
(20, N'Actuaciones consulares', 1, 0, 1), 
(21, N'Información a la población', 1, 0, 1), 
(22, N'Descontaminación de personas', 1, 0, 1), 
(23, N'Anomalias en el suministro de agua', 2, 0, 1), 
(24, N'Anomalias en el suministro de electricidad', 2, 0, 1), 
(25, N'Anomalias en el suministro de gas', 2, 0, 1), 
(26, N'Anomalias en la red de alcantarillado', 2, 0, 1), 
(27, N'Anomalias en la red de saneamiento', 2, 0, 1), 
(28, N'Interrupción de servicios educativos', 2, 0, 1), 
(29, N'Interrupción de servicios sanitarios', 2, 0, 1), 
(30, N'Anomalias en comunicaciones telefónicas y telemáticas', 2, 0, 1), 
(31, N'Anomalias en el tráfico ferroviario', 3, 0, 1), 
(32, N'Anomalias en tráfico aéreo', 3, 0, 1), 
(33, N'Interrupción de tráfico marítimo', 3, 0, 1), 
(34, N'Restablecimiento de servicios básicos', 2, 0, 1), 
(35, N'Corte de carreteras', 4, 0, 1), 
(36, N'Incidencia en carreteras', 4, 0, 1), 
(37, N'Daños en edificaciones en zonas urbanas', 5, 0, 1), 
(38, N'Daños en edificaciones agropecuarias', 5, 0, 1), 
(39, N'Inspección de edificios', 5, 0, 1), 
(40, N'Daños en la red de suministro de agua', 6, 0, 1), 
(41, N'Daños en la red de distribución eléctrica', 6, 0, 1), 
(42, N'Daños en la red de distribución de gas', 6, 0, 1), 
(43, N'Daños en la red de saneamiento', 6, 0, 1), 
(44, N'Daños en vías urbanas', 6, 0, 1), 
(45, N'Daños en carreteras', 6, 0, 1), 
(46, N'Daños en la red de ferrocarril', 6, 0, 1), 
(47, N'Daños en las telecomunicaciones', 6, 0, 1), 
(48, N'Daños en oleoductos', 6, 0, 1), 
(49, N'Daños en puertos marítimos', 7, 0, 1), 
(50, N'Daños en aeropuertos', 7, 0, 1), 
(51, N'Daños en bienes industriales', 7, 0, 1), 
(52, N'Daños en construcciones de especial importancia', 7, 0, 1), 
(53, N'Otros daños en zonas urbanas', 8, 0, 1), 
(54, N'Daños en bienes agropecuarios', 8, 0, 1), 
(55, N'Efectos geomorfológicos', 9, 0, 1), 
(56, N'Efectos hidrológicos', 9, 0, 1), 
(57, N'Contaminación', 9, 0, 1), 
(58, N'Vertido de sustancias químicas', 9, 0, 1), 
(59, N'Control de accesos', 9, 0, 1), 
(60, N'Control de agua y alimentos', 9, 0, 1), 
(61, N'Estabulación de animales', 9, 0, 1), 
(62, N'Descontaminación de áreas', 9, 0, 1), 
(63, N'Otros efectos en el medio natural', 9, 0, 1), 
(64, N'Impacto economico', 10, 0, 1), 
(65, N'Otros', 10, 0, 1), 
(66, N'Medidas administrativas públicas', 10, 0, 1), 
(67, N'Monitorización y evaluación', 10, 0, 1), 
(68, N'Medidas de reconstrucción', 10, 0, 1); 
SET IDENTITY_INSERT CategoriaImpacto OFF;

SET IDENTITY_INSERT ClaseImpacto ON;
INSERT INTO ClaseImpacto (id, Descripcion, Borrado, Editable) VALUES 
(1, N'Consecuencia', 0, 1), 
(2, N'Actuación', 0, 1); 
SET IDENTITY_INSERT ClaseImpacto OFF;

SET IDENTITY_INSERT TipoActuacion ON;
INSERT INTO TipoActuacion (id, Descripcion, Borrado, Editable) VALUES 
(1, N'Urgente principal', 0, 1), 
(2, N'Urgente complementaria', 0, 1), 
(3, N'Larga duración', 0, 1); 
SET IDENTITY_INSERT TipoActuacion OFF;

SET IDENTITY_INSERT ImpactoClasificado ON;
INSERT INTO ImpactoClasificado (Id, IdTipoImpacto, IdCategoriaImpacto, Descripcion, IdClaseImpacto, RelevanciaGeneral, Nuclear, IdTipoActuacion, ValorAD, Borrado, Editable) VALUES 
(1, 1, 1, N'Fallecidos ', 1, 1, 0, NULL, NULL, 0, 1), 
(2, 2, 2, N'Desaparecidos', 1, 1, 0, NULL, NULL, 0, 1), 
(3, 3, 3, N'Personas sin hogar', 1, 0, 0, NULL, NULL, 0, 1), 
(4, 4, 4, N'Personas aisladas', 1, 0, 0, NULL, NULL, 0, 1), 
(5, 5, 5, N'Heridos', 1, 1, 0, NULL, 50, 0, 1), 
(6, 5, 5, N'Quemados', 1, 1, 0, NULL, 50, 0, 1), 
(7, 5, 5, N'Intoxicados', 1, 1, 0, NULL, 50, 0, 1), 
(8, 5, 5, N'Contagiados', 1, 1, 0, NULL, 50, 0, 1), 
(9, 5, 5, N'Contaminados', 1, 1, 0, NULL, 50, 0, 1), 
(10, 5, 5, N'Irradiados', 1, 1, 0, NULL, 50, 0, 1), 
(11, 6, 6, N'Rescate de personas', 2, 0, 0, NULL, NULL, 0, 1), 
(12, 7, 7, N'Supervivientes', 1, 0, 0, NULL, NULL, 0, 1), 
(13, 8, 8, N'Evacuación', 2, 1, 1, 1, 500, 0, 1), 
(14, 9, 9, N'Albergue', 2, 0, 1, 3, 5000, 0, 1), 
(15, 10, 10, N'Confinamiento', 2, 0, 1, 1, 5000, 0, 1), 
(16, 9, 11, N'Realojamiento', 2, 0, 1, 3, NULL, 0, 1), 
(17, 11, 12, N'Asistencia psicosocial', 2, 0, 0, NULL, NULL, 0, 1), 
(18, 6, 13, N'Búsqueda de personas', 2, 0, 0, NULL, NULL, 0, 1), 
(19, 12, 14, N'Identificación de cadáveres', 2, 0, 0, NULL, NULL, 0, 1), 
(20, 13, 15, N'Asistencia sanitaria', 2, 0, 0, NULL, NULL, 0, 1), 
(21, 13, 15, N'Hospitalización', 2, 0, 0, NULL, NULL, 0, 1), 
(22, 13, 15, N'Traslado de pacientes a otros hospitales', 2, 0, 0, NULL, NULL, 0, 1), 
(23, 13, 15, N'Transporte sanitario', 2, 0, 0, NULL, NULL, 0, 1), 
(24, 11, 16, N'Asistencia a víctimas y familiares', 2, 0, 0, NULL, NULL, 0, 1), 
(25, 14, 17, N'Distribución de Ioduro potasico', 2, 0, 1, 1, NULL, 0, 1), 
(26, 14, 17, N'Ingesta de Ioduro potasico', 2, 0, 1, 1, NULL, 0, 1), 
(27, 15, 18, N'Autoprotección ciudadana', 2, 0, 1, 2, NULL, 0, 1), 
(28, 15, 18, N'Autoprotección personal de intervención', 2, 0, 1, 2, NULL, 0, 1), 
(29, 16, 19, N'Activación de ECD', 2, 0, 1, NULL, NULL, 0, 1), 
(30, 9, 19, N'Activación de ABRS', 2, 0, 1, NULL, NULL, 0, 1), 
(31, 12, 20, N'Actuaciones consulares', 2, 0, 0, NULL, NULL, 0, 1), 
(32, 12, 21, N'Información a la población', 2, 0, 0, NULL, NULL, 0, 1), 
(33, 16, 22, N'Descontaminación de personas', 2, 0, 1, 2, NULL, 0, 1), 
(34, 17, 23, N'Anomalias en el suministro de agua', 1, 0, 0, NULL, NULL, 0, 1), 
(35, 18, 24, N'Anomalias en el suministro de electricidad', 1, 0, 0, NULL, NULL, 0, 1), 
(36, 19, 25, N'Anomalias en el suministro de gas', 1, 0, 0, NULL, NULL, 0, 1), 
(37, 20, 26, N'Anomalias en la red de alcantarillado', 1, 0, 0, NULL, NULL, 0, 1), 
(38, 21, 27, N'Anomalias en la red de saneamiento', 1, 0, 0, NULL, NULL, 0, 1), 
(39, 22, 28, N'Interrupción de servicios educativos', 2, 0, 0, NULL, NULL, 0, 1), 
(40, 23, 29, N'Interrupción de servicios sanitarios', 1, 0, 0, NULL, NULL, 0, 1), 
(41, 24, 30, N'Anomalias en la telefonía fija', 1, 0, 0, NULL, NULL, 0, 1), 
(42, 24, 30, N'Anomalias en la telefonía móvil', 1, 0, 0, NULL, NULL, 0, 1), 
(43, 24, 30, N'Cortes de conexión a internet', 1, 0, 0, NULL, NULL, 0, 1), 
(44, 25, 31, N'Anomalias en el tráfico ferroviario de la red convencional', 1, 0, 0, NULL, NULL, 0, 1), 
(45, 25, 31, N'Anomalias en el tráfico ferroviario de alta velocidad', 1, 0, 0, NULL, NULL, 0, 1), 
(46, 26, 32, N'Anomalias en tráfico aéreo', 1, 0, 0, NULL, NULL, 0, 1), 
(47, 27, 33, N'Interrupción de tráfico marítimo', 1, 0, 0, NULL, NULL, 0, 1), 
(48, 26, 32, N'Seguridad en la navegación aérea', 2, 0, 0, NULL, NULL, 0, 1), 
(49, 28, 34, N'Restablecimiento de servicios básicos', 2, 0, 0, NULL, NULL, 0, 1), 
(50, 29, 35, N'Circulación nivel negro en vías de alta capacidad', 1, 0, 0, NULL, NULL, 0, 1), 
(51, 29, 35, N'Circulación nivel negro en carreteras', 1, 0, 0, NULL, NULL, 0, 1), 
(52, 29, 36, N'Circulación nivel rojo', 1, 0, 0, NULL, NULL, 0, 1), 
(53, 29, 36, N'Circulación nivel amarillo', 1, 0, 0, NULL, NULL, 0, 1), 
(54, 30, 37, N'Daños en viviendas unifamiliares', 1, 0, 0, NULL, NULL, 0, 1), 
(55, 30, 37, N'Daños en edificios de viviendas', 1, 0, 0, NULL, NULL, 0, 1), 
(56, 30, 38, N'Daños en viviendas en medio rural o forestal', 1, 0, 0, NULL, NULL, 0, 1), 
(57, 30, 38, N'Daños en instalaciones agropecuarias', 1, 0, 0, NULL, NULL, 0, 1), 
(58, 30, 37, N'Daños en garajes', 1, 0, 0, NULL, NULL, 0, 1), 
(59, 30, 37, N'Daños en oficinas, comercios y almacenes', 1, 0, 0, NULL, NULL, 0, 1), 
(60, 30, 39, N'Inspección de edificios', 2, 0, 0, NULL, NULL, 0, 1), 
(61, 31, 40, N'Daños en la red de suministro de agua', 1, 0, 0, NULL, NULL, 0, 1), 
(62, 32, 41, N'Daños en la red de distribución energía eléctrica', 1, 0, 0, NULL, NULL, 0, 1), 
(63, 33, 42, N'Daños en la red de distribución de gas', 1, 0, 0, NULL, NULL, 0, 1), 
(64, 34, 43, N'Daños en la red de saneamiento', 1, 0, 0, NULL, NULL, 0, 1), 
(65, 35, 44, N'Daños en vías urbanas', 1, 0, 0, NULL, NULL, 0, 1), 
(66, 36, 45, N'Daños en carreteras', 1, 0, 0, NULL, NULL, 0, 1), 
(67, 37, 46, N'Daños en la red de ferrocarril', 1, 0, 0, NULL, NULL, 0, 1), 
(68, 38, 47, N'Daños en las telecomunicaciones', 1, 0, 0, NULL, NULL, 0, 1), 
(69, 39, 48, N'Daños en oleoducto', 1, 0, 0, NULL, NULL, 0, 1), 
(70, 40, 49, N'Daños en puertos marítimos', 1, 0, 0, NULL, NULL, 0, 1), 
(71, 41, 50, N'Daños en aeropuertos', 1, 0, 0, NULL, NULL, 0, 1), 
(72, 42, 51, N'Daños en bienes industriales', 1, 0, 0, NULL, NULL, 0, 1), 
(73, 43, 52, N'Daños en presas', 1, 0, 0, NULL, NULL, 0, 1), 
(74, 44, 52, N'Daños en centros operativos FAS y C Seguridad', 1, 0, 0, NULL, NULL, 0, 1), 
(75, 44, 52, N'Daños en centros sanitarios', 1, 0, 0, NULL, NULL, 0, 1), 
(76, 44, 52, N'Daños en centros educativos', 1, 0, 0, NULL, NULL, 0, 1), 
(77, 44, 52, N'Daños en parques de bomberos', 1, 0, 0, NULL, NULL, 0, 1), 
(78, 45, 52, N'Daños en edificios de uso público', 1, 0, 0, NULL, NULL, 0, 1), 
(79, 45, 52, N'Daños en edificios histórico-artísticos', 1, 0, 0, NULL, NULL, 0, 1), 
(80, 45, 52, N'Daños en otras construcciones', 1, 0, 0, NULL, NULL, 0, 1), 
(81, 46, 53, N'Daños en vehículos automoviles', 1, 0, 0, NULL, NULL, 0, 1), 
(82, 46, 53, N'Daños en mobiliario urbano', 1, 0, 0, NULL, NULL, 0, 1), 
(83, 47, 54, N'Daños en agricultura', 1, 0, 0, NULL, NULL, 0, 1), 
(84, 47, 54, N'Daños a animales', 1, 0, 0, NULL, NULL, 0, 1), 
(85, 48, 55, N'Efectos geomorfológicos', 1, 0, 0, NULL, NULL, 0, 1), 
(86, 49, 56, N'Efectos hidrológicos', 1, 0, 0, NULL, NULL, 0, 1), 
(87, 50, 57, N'Contaminación hídrica', 1, 0, 0, NULL, NULL, 0, 1), 
(88, 50, 57, N'Nube tóxica', 1, 0, 0, NULL, NULL, 0, 1), 
(89, 50, 57, N'Contaminación del suelo', 1, 0, 0, NULL, NULL, 0, 1), 
(90, 50, 57, N'Contaminación marina', 1, 0, 0, NULL, NULL, 0, 1), 
(91, 49, 56, N'Desbordamiento de ríos', 1, 0, 0, NULL, NULL, 0, 1), 
(92, 50, 58, N'Vertido de sustancias químicas', 1, 0, 0, NULL, NULL, 0, 1), 
(93, 50, 57, N'Contaminación radiológica', 1, 0, 0, NULL, NULL, 0, 1), 
(94, 51, 59, N'Control de accesos', 2, 0, 1, 2, NULL, 0, 1), 
(95, 51, 59, N'Zonificación', 2, 0, 0, NULL, NULL, 0, 1), 
(96, 52, 60, N'Control de alimentos y agua', 2, 0, 1, 3, NULL, 0, 1), 
(97, 53, 61, N'Estabulación de animales', 2, 0, 1, 2, NULL, 0, 1), 
(98, 50, 62, N'Descontaminación de áreas', 2, 0, 1, 3, NULL, 0, 1), 
(99, 54, 63, N'Otros efectos en el medio natural', 1, 0, 0, NULL, NULL, 0, 1), 
(100, 46, 53, N'Caída de árboles', 1, 0, 0, NULL, NULL, 0, 1), 
(101, 55, 64, N'Impacto económico', 1, 0, 0, NULL, NULL, 0, 1), 
(102, 55, 65, N'Otras consecuencias', 1, 0, 0, NULL, NULL, 0, 1), 
(103, 55, 66, N'Medidas administrativas públicas', 2, 0, 0, NULL, NULL, 0, 1), 
(104, 55, 67, N'Monitorización y evaluación', 2, 0, 0, NULL, NULL, 0, 1), 
(105, 55, 68, N'Medidas de reconstrucción', 2, 0, 0, NULL, NULL, 0, 1), 
(106, 55, 66, N'Concesión de subvenciones', 2, 0, 0, NULL, NULL, 0, 1), 
(107, 55, 65, N'Otras actuaciones', 2, 0, 0, NULL, NULL, 0, 1); 
SET IDENTITY_INSERT ImpactoClasificado OFF;

SET IDENTITY_INSERT ValidacionImpactoClasificado ON;
INSERT INTO ValidacionImpactoClasificado (Id, IdImpactoClasificado, Orden, Campo, TipoCampo, EsObligatorio, Etiqueta, Borrado) VALUES 
(1, 1, 1, N'FechaHora', N'Datetime', 1, N'Fecha y hora', 0), 
(2, 1, 2, N'Causa', N'Text', 0, N'Causa', 0), 
(3, 2, 1, N'FechaHoraInicio', N'Datetime', 1, N'Fecha y hora inicio', 0), 
(4, 2, 2, N'FechaHoraFin', N'Datetime', 0, N'Fecha y hora fin', 0), 
(5, 3, 1, N'FechaHoraInicio', N'Datetime', 1, N'Fecha y hora inicio', 0), 
(6, 3, 2, N'FechaHoraFin', N'Datetime', 0, N'Fecha y hora fin', 0), 
(7, 4, 1, N'FechaHoraInicio', N'Datetime', 1, N'Fecha y hora inicio', 0), 
(8, 4, 2, N'FechaHoraFin', N'Datetime', 0, N'Fecha y hora fin', 0), 
(9, 5, 1, N'FechaHora', N'Datetime', 1, N'Fecha y hora', 0), 
(10, 5, 2, N'NumeroGraves', N'Number', 0, N'Nº graves', 0), 
(11, 5, 3, N'NumeroIntervinientes', N'Number', 0, N'Nº intervinientes', 0), 
(12, 6, 1, N'FechaHora', N'Datetime', 1, N'Fecha y hora', 0), 
(13, 6, 2, N'NumeroGraves', N'Number', 0, N'Nº graves', 0), 
(14, 6, 3, N'NumeroIntervinientes', N'Number', 0, N'Nº intervinientes', 0), 
(15, 7, 1, N'FechaHora', N'Datetime', 1, N'Fecha y hora', 0), 
(16, 7, 2, N'NumeroGraves', N'Number', 0, N'Nº graves', 0), 
(17, 7, 3, N'NumeroIntervinientes', N'Number', 0, N'Nº intervinientes', 0), 
(18, 8, 1, N'FechaHora', N'Datetime', 1, N'Fecha y hora', 0), 
(19, 8, 2, N'NumeroGraves', N'Number', 0, N'Nº graves', 0), 
(20, 8, 3, N'NumeroIntervinientes', N'Number', 0, N'Nº intervinientes', 0), 
(21, 9, 1, N'FechaHora', N'Datetime', 1, N'Fecha y hora', 0), 
(22, 9, 2, N'NumeroGraves', N'Number', 0, N'Nº graves', 0), 
(23, 9, 3, N'NumeroIntervinientes', N'Number', 0, N'Nº intervinientes', 0), 
(24, 10, 1, N'FechaHora', N'Datetime', 1, N'Fecha y hora', 0), 
(25, 10, 2, N'NumeroGraves', N'Number', 0, N'Nº graves', 0), 
(26, 10, 3, N'NumeroIntervinientes', N'Number', 0, N'Nº intervinientes', 0), 
(27, 11, 1, N'FechaHora', N'Datetime', 1, N'Fecha y hora', 0), 
(28, 13, 1, N'FechaHoraInicio', N'Datetime', 1, N'Fecha y hora inicio', 0), 
(29, 13, 2, N'FechaHoraFin', N'Datetime', 0, N'Fecha y hora fin', 0), 
(30, 14, 1, N'FechaHoraInicio', N'Datetime', 1, N'Fecha y hora inicio', 0), 
(31, 14, 2, N'FechaHoraFin', N'Datetime', 0, N'Fecha y hora fin', 0), 
(32, 15, 1, N'FechaHoraInicio', N'Datetime', 1, N'Fecha y hora inicio', 0), 
(33, 15, 2, N'FechaHoraFin', N'Datetime', 0, N'Fecha y hora fin', 0), 
(34, 16, 1, N'FechaHoraInicio', N'Datetime', 1, N'Fecha y hora inicio', 0), 
(35, 16, 2, N'FechaHoraFin', N'Datetime', 0, N'Fecha y hora fin', 0), 
(36, 17, 1, N'FechaHoraInicio', N'Datetime', 1, N'Fecha y hora inicio', 0), 
(37, 17, 2, N'FechaHoraFin', N'Datetime', 0, N'Fecha y hora fin', 0), 
(38, 18, 1, N'FechaHoraInicio', N'Datetime', 1, N'Fecha y hora inicio', 0), 
(39, 18, 2, N'FechaHoraFin', N'Datetime', 0, N'Fecha y hora fin', 0), 
(40, 19, 1, N'FechaHora', N'Datetime', 1, N'Fecha y hora', 0), 
(41, 20, 1, N'FechaHoraInicio', N'Datetime', 1, N'Fecha y hora inicio', 0), 
(42, 20, 2, N'FechaHoraFin', N'Datetime', 0, N'Fecha y hora fin', 0), 
(43, 21, 1, N'FechaHora', N'Datetime', 1, N'Fecha y hora', 0), 
(44, 22, 1, N'FechaHora', N'Datetime', 1, N'Fecha y hora', 0), 
(45, 23, 1, N'FechaHora', N'Datetime', 1, N'Fecha y hora', 0), 
(46, 24, 1, N'FechaHoraInicio', N'Datetime', 1, N'Fecha y hora inicio', 0), 
(47, 24, 2, N'FechaHoraFin', N'Datetime', 0, N'Fecha y hora fin', 0), 
(48, 25, 1, N'FechaHoraInicio', N'Datetime', 1, N'Fecha y hora inicio', 0), 
(49, 25, 2, N'FechaHoraFin', N'Datetime', 0, N'Fecha y hora fin', 0), 
(50, 25, 3, N'ZonaPlanificacion', N'Select', 0, N'Zona de planificación', 0), 
(51, 26, 1, N'FechaHoraInicio', N'Datetime', 1, N'Fecha y hora inicio', 0), 
(52, 26, 2, N'FechaHoraFin', N'Datetime', 0, N'Fecha y hora fin', 0), 
(53, 26, 3, N'ZonaPlanificacion', N'Select', 0, N'Zona de planificación', 0), 
(54, 27, 1, N'FechaHoraInicio', N'Datetime', 1, N'Fecha y hora inicio', 0), 
(55, 27, 2, N'FechaHoraFin', N'Datetime', 0, N'Fecha y hora fin', 0), 
(56, 27, 3, N'ZonaPlanificacion', N'Select', 0, N'Zona de planificación', 0), 
(57, 28, 1, N'FechaHoraInicio', N'Datetime', 1, N'Fecha y hora inicio', 0), 
(58, 28, 2, N'FechaHoraFin', N'Datetime', 0, N'Fecha y hora fin', 0), 
(59, 28, 3, N'ZonaPlanificacion', N'Select', 0, N'Zona de planificación', 0), 
(60, 29, 1, N'FechaHoraInicio', N'Datetime', 1, N'Fecha y hora inicio', 0), 
(61, 29, 2, N'FechaHoraFin', N'Datetime', 0, N'Fecha y hora fin', 0), 
(62, 29, 3, N'ZonaPlanificacion', N'Select', 0, N'Zona de planificación', 0), 
(63, 30, 1, N'FechaHoraInicio', N'Datetime', 1, N'Fecha y hora inicio', 0), 
(64, 30, 2, N'FechaHoraFin', N'Datetime', 0, N'Fecha y hora fin', 0), 
(65, 30, 3, N'ZonaPlanificacion', N'Select', 0, N'Zona de planificación', 0), 
(66, 31, 1, N'FechaHora', N'Datetime', 1, N'Fecha y hora', 0), 
(67, 32, 1, N'FechaHora', N'Datetime', 1, N'Fecha y hora', 0), 
(68, 33, 1, N'FechaHoraInicio', N'Datetime', 1, N'Fecha y hora inicio', 0), 
(69, 33, 2, N'FechaHoraFin', N'Datetime', 0, N'Fecha y hora fin', 0), 
(70, 33, 3, N'ZonaPlanificacion', N'Select', 0, N'Zona de planificación', 0), 
(71, 34, 1, N'FechaHoraInicio', N'Datetime', 1, N'Fecha y hora inicio', 0), 
(72, 34, 2, N'FechaHoraFin', N'Datetime', 0, N'Fecha y hora fin', 0), 
(73, 34, 3, N'AlteracionInterrupcion', N'Select', 0, N'Alteración/Interrupción', 0), 
(74, 34, 4, N'NumeroUsuarios', N'Number', 0, N'Nº de usuarios', 0), 
(75, 34, 5, N'NumeroLocalidades', N'Number', 0, N'Nº localidades', 0), 
(76, 35, 1, N'FechaHoraInicio', N'Datetime', 1, N'Fecha y hora inicio', 0), 
(77, 35, 2, N'FechaHoraFin', N'Datetime', 0, N'Fecha y hora fin', 0), 
(78, 35, 3, N'AlteracionInterrupcion', N'Select', 0, N'Alteración/Interrupción', 0), 
(79, 35, 4, N'NumeroUsuarios', N'Number', 0, N'Nº de usuarios', 0), 
(80, 35, 5, N'NumeroLocalidades', N'Number', 0, N'Nº localidades', 0), 
(81, 36, 1, N'FechaHoraInicio', N'Datetime', 1, N'Fecha y hora inicio', 0), 
(82, 36, 2, N'FechaHoraFin', N'Datetime', 0, N'Fecha y hora fin', 0), 
(83, 36, 3, N'AlteracionInterrupcion', N'Select', 0, N'Alteración/Interrupción', 0), 
(84, 36, 4, N'NumeroUsuarios', N'Number', 0, N'Nº de usuarios', 0), 
(85, 36, 5, N'NumeroLocalidades', N'Number', 0, N'Nº localidades', 0), 
(86, 37, 1, N'FechaHoraInicio', N'Datetime', 1, N'Fecha y hora inicio', 0), 
(87, 37, 2, N'FechaHoraFin', N'Datetime', 0, N'Fecha y hora fin', 0), 
(88, 37, 3, N'AlteracionInterrupcion', N'Select', 0, N'Alteración/Interrupción', 0), 
(89, 37, 4, N'NumeroUsuarios', N'Number', 0, N'Nº de usuarios', 0), 
(90, 37, 5, N'NumeroLocalidades', N'Number', 0, N'Nº localidades', 0), 
(91, 38, 1, N'FechaHoraInicio', N'Datetime', 1, N'Fecha y hora inicio', 0), 
(92, 38, 2, N'FechaHoraFin', N'Datetime', 0, N'Fecha y hora fin', 0), 
(93, 38, 3, N'AlteracionInterrupcion', N'Select', 0, N'Alteración/Interrupción', 0), 
(94, 38, 4, N'NumeroUsuarios', N'Number', 0, N'Nº de usuarios', 0), 
(95, 38, 5, N'NumeroLocalidades', N'Number', 0, N'Nº localidades', 0), 
(96, 39, 1, N'FechaHoraInicio', N'Datetime', 1, N'Fecha y hora inicio', 0), 
(97, 39, 2, N'FechaHoraFin', N'Datetime', 0, N'Fecha y hora fin', 0), 
(98, 39, 3, N'NumeroUsuarios', N'Number', 0, N'Nº de usuarios', 0), 
(99, 39, 4, N'NumeroLocalidades', N'Number', 0, N'Nº localidades', 0), 
(100, 39, 5, N'NumeroServicios', N'Number', 0, N'Nº de centros', 0), 
(101, 40, 1, N'FechaHoraInicio', N'Datetime', 1, N'Fecha y hora inicio', 0), 
(102, 40, 2, N'FechaHoraFin', N'Datetime', 0, N'Fecha y hora fin', 0), 
(103, 40, 3, N'NumeroUsuarios', N'Number', 0, N'Nº de usuarios', 0), 
(104, 40, 4, N'NumeroLocalidades', N'Number', 0, N'Nº localidades', 0), 
(105, 40, 5, N'NumeroServicios', N'Number', 0, N'Nº de centros', 0), 
(106, 41, 1, N'FechaHoraInicio', N'Datetime', 1, N'Fecha y hora inicio', 0), 
(107, 41, 2, N'FechaHoraFin', N'Datetime', 0, N'Fecha y hora fin', 0), 
(108, 41, 3, N'AlteracionInterrupcion', N'Select', 0, N'Alteración/Interrupción', 0), 
(109, 41, 4, N'NumeroUsuarios', N'Number', 0, N'Nº de usuarios', 0), 
(110, 41, 5, N'NumeroLocalidades', N'Number', 0, N'Nº localidades', 0), 
(111, 42, 1, N'FechaHoraInicio', N'Datetime', 1, N'Fecha y hora inicio', 0), 
(112, 42, 2, N'FechaHoraFin', N'Datetime', 0, N'Fecha y hora fin', 0), 
(113, 42, 3, N'AlteracionInterrupcion', N'Select', 0, N'Alteración/Interrupción', 0), 
(114, 42, 4, N'NumeroUsuarios', N'Number', 0, N'Nº de usuarios', 0), 
(115, 42, 5, N'NumeroLocalidades', N'Number', 0, N'Nº localidades', 0), 
(116, 43, 1, N'FechaHoraInicio', N'Datetime', 1, N'Fecha y hora inicio', 0), 
(117, 43, 2, N'FechaHoraFin', N'Datetime', 0, N'Fecha y hora fin', 0), 
(118, 43, 3, N'AlteracionInterrupcion', N'Select', 0, N'Alteración/Interrupción', 0), 
(119, 43, 4, N'NumeroUsuarios', N'Number', 0, N'Nº de usuarios', 0), 
(120, 43, 5, N'NumeroLocalidades', N'Number', 0, N'Nº localidades', 0), 
(121, 44, 1, N'FechaHoraInicio', N'Datetime', 1, N'Fecha y hora inicio', 0), 
(122, 44, 2, N'FechaHoraFin', N'Datetime', 0, N'Fecha y hora fin', 0), 
(123, 44, 3, N'AlteracionInterrupcion', N'Select', 0, N'Alteración/Interrupción', 0), 
(124, 44, 4, N'NumeroUsuarios', N'Number', 0, N'Nº de usuarios', 0), 
(125, 44, 5, N'NumeroServicios', N'Number', 0, N'Nº de servicios (trenes)', 0), 
(126, 45, 1, N'FechaHoraInicio', N'Datetime', 1, N'Fecha y hora inicio', 0), 
(127, 45, 2, N'FechaHoraFin', N'Datetime', 0, N'Fecha y hora fin', 0), 
(128, 45, 3, N'AlteracionInterrupcion', N'Select', 0, N'Alteración/Interrupción', 0), 
(129, 45, 4, N'NumeroUsuarios', N'Number', 0, N'Nº de usuarios', 0), 
(130, 45, 5, N'NumeroServicios', N'Number', 0, N'Nº de servicios (trenes)', 0), 
(131, 46, 1, N'FechaHoraInicio', N'Datetime', 1, N'Fecha y hora inicio', 0), 
(132, 46, 2, N'FechaHoraFin', N'Datetime', 0, N'Fecha y hora fin', 0), 
(133, 46, 3, N'AlteracionInterrupcion', N'Select', 0, N'Alteración/Interrupción', 0), 
(134, 46, 4, N'NumeroUsuarios', N'Number', 0, N'Nº de usuarios', 0), 
(135, 46, 5, N'NumeroServicios', N'Number', 0, N'Nº de servicios (vuelos)', 0), 
(136, 47, 1, N'FechaHoraInicio', N'Datetime', 1, N'Fecha y hora inicio', 0), 
(137, 47, 2, N'FechaHoraFin', N'Datetime', 0, N'Fecha y hora fin', 0), 
(138, 47, 3, N'AlteracionInterrupcion', N'Select', 0, N'Alteración/Interrupción', 0), 
(139, 47, 4, N'NumeroUsuarios', N'Number', 0, N'Nº de usuarios', 0), 
(140, 47, 5, N'NumeroServicios', N'Number', 0, N'Nº de servicios (barcos)', 0), 
(141, 48, 1, N'FechaHoraInicio', N'Datetime', 1, N'Fecha y hora inicio', 0), 
(142, 48, 2, N'FechaHoraFin', N'Datetime', 0, N'Fecha y hora fin', 0), 
(143, 49, 1, N'FechaHora', N'Datetime', 1, N'Fecha y hora', 0), 
(144, 50, 1, N'FechaHoraInicio', N'Datetime', 1, N'Fecha y hora inicio', 0), 
(145, 50, 2, N'FechaHoraFin', N'Datetime', 0, N'Fecha y hora fin', 0), 
(146, 50, 3, N'NumeroUsuarios', N'Number', 0, N'Nº de usuarios', 0), 
(147, 51, 1, N'FechaHoraInicio', N'Datetime', 1, N'Fecha y hora inicio', 0), 
(148, 51, 2, N'FechaHoraFin', N'Datetime', 0, N'Fecha y hora fin', 0), 
(149, 51, 3, N'NumeroUsuarios', N'Number', 0, N'Nº de usuarios', 0), 
(150, 52, 1, N'FechaHoraInicio', N'Datetime', 1, N'Fecha y hora inicio', 0), 
(151, 52, 2, N'FechaHoraFin', N'Datetime', 0, N'Fecha y hora fin', 0), 
(152, 53, 1, N'FechaHoraInicio', N'Datetime', 1, N'Fecha y hora inicio', 0), 
(153, 53, 2, N'FechaHoraFin', N'Datetime', 0, N'Fecha y hora fin', 0), 
(154, 54, 1, N'FechaHora', N'Datetime', 1, N'Fecha y hora', 0), 
(155, 54, 2, N'TipoDanio', N'Select', 0, N'Tipo de daño', 0), 
(156, 55, 1, N'FechaHora', N'Datetime', 1, N'Fecha y hora', 0), 
(157, 55, 2, N'TipoDanio', N'Select', 0, N'Tipo de daño', 0), 
(158, 56, 1, N'FechaHora', N'Datetime', 1, N'Fecha y hora', 0), 
(159, 56, 2, N'TipoDanio', N'Select', 0, N'Tipo de daño', 0), 
(160, 57, 1, N'FechaHora', N'Datetime', 1, N'Fecha y hora', 0), 
(161, 57, 2, N'TipoDanio', N'Select', 0, N'Tipo de daño', 0), 
(162, 58, 1, N'FechaHora', N'Datetime', 1, N'Fecha y hora', 0), 
(163, 58, 2, N'TipoDanio', N'Select', 0, N'Tipo de daño', 0), 
(164, 59, 1, N'FechaHora', N'Datetime', 1, N'Fecha y hora', 0), 
(165, 59, 2, N'TipoDanio', N'Select', 0, N'Tipo de daño', 0), 
(166, 60, 1, N'FechaHoraInicio', N'Datetime', 1, N'Fecha y hora inicio', 0), 
(167, 60, 2, N'FechaHoraFin', N'Datetime', 0, N'Fecha y hora fin', 0), 
(168, 61, 1, N'FechaHora', N'Datetime', 1, N'Fecha y hora', 0), 
(169, 61, 2, N'TipoDanio', N'Select', 0, N'Tipo de daño', 0), 
(170, 62, 1, N'FechaHora', N'Datetime', 1, N'Fecha y hora', 0), 
(171, 62, 2, N'TipoDanio', N'Select', 0, N'Tipo de daño', 0), 
(172, 63, 1, N'FechaHora', N'Datetime', 1, N'Fecha y hora', 0), 
(173, 63, 2, N'TipoDanio', N'Select', 0, N'Tipo de daño', 0), 
(174, 64, 1, N'FechaHora', N'Datetime', 1, N'Fecha y hora', 0), 
(175, 64, 2, N'TipoDanio', N'Select', 0, N'Tipo de daño', 0), 
(176, 65, 1, N'FechaHora', N'Datetime', 1, N'Fecha y hora', 0), 
(177, 65, 2, N'TipoDanio', N'Select', 0, N'Tipo de daño', 0), 
(178, 66, 1, N'FechaHora', N'Datetime', 1, N'Fecha y hora', 0), 
(179, 66, 2, N'TipoDanio', N'Select', 0, N'Tipo de daño', 0), 
(180, 67, 1, N'FechaHora', N'Datetime', 1, N'Fecha y hora', 0), 
(181, 67, 2, N'TipoDanio', N'Select', 0, N'Tipo de daño', 0), 
(182, 68, 1, N'FechaHora', N'Datetime', 1, N'Fecha y hora', 0), 
(183, 68, 2, N'TipoDanio', N'Select', 0, N'Tipo de daño', 0), 
(184, 69, 1, N'FechaHora', N'Datetime', 1, N'Fecha y hora', 0), 
(185, 69, 2, N'TipoDanio', N'Select', 0, N'Tipo de daño', 0), 
(186, 70, 1, N'FechaHora', N'Datetime', 1, N'Fecha y hora', 0), 
(187, 70, 2, N'TipoDanio', N'Select', 0, N'Tipo de daño', 0), 
(188, 71, 1, N'FechaHora', N'Datetime', 1, N'Fecha y hora', 0), 
(189, 71, 2, N'TipoDanio', N'Select', 0, N'Tipo de daño', 0), 
(190, 72, 1, N'FechaHora', N'Datetime', 1, N'Fecha y hora', 0), 
(191, 72, 2, N'TipoDanio', N'Select', 0, N'Tipo de daño', 0), 
(192, 73, 1, N'FechaHora', N'Datetime', 1, N'Fecha y hora', 0), 
(193, 73, 2, N'TipoDanio', N'Select', 0, N'Tipo de daño', 0), 
(194, 74, 1, N'FechaHora', N'Datetime', 1, N'Fecha y hora', 0), 
(195, 74, 2, N'TipoDanio', N'Select', 0, N'Tipo de daño', 0), 
(196, 75, 1, N'FechaHora', N'Datetime', 1, N'Fecha y hora', 0), 
(197, 75, 2, N'TipoDanio', N'Select', 0, N'Tipo de daño', 0), 
(198, 76, 1, N'FechaHora', N'Datetime', 1, N'Fecha y hora', 0), 
(199, 76, 2, N'TipoDanio', N'Select', 0, N'Tipo de daño', 0), 
(200, 77, 1, N'FechaHora', N'Datetime', 1, N'Fecha y hora', 0), 
(201, 77, 2, N'TipoDanio', N'Select', 0, N'Tipo de daño', 0), 
(202, 78, 1, N'FechaHora', N'Datetime', 1, N'Fecha y hora', 0), 
(203, 78, 2, N'TipoDanio', N'Select', 0, N'Tipo de daño', 0), 
(204, 79, 1, N'FechaHora', N'Datetime', 1, N'Fecha y hora', 0), 
(205, 79, 2, N'TipoDanio', N'Select', 0, N'Tipo de daño', 0), 
(206, 80, 1, N'FechaHora', N'Datetime', 1, N'Fecha y hora', 0), 
(207, 80, 2, N'TipoDanio', N'Select', 0, N'Tipo de daño', 0), 
(208, 81, 1, N'FechaHora', N'Datetime', 1, N'Fecha y hora', 0), 
(209, 82, 1, N'FechaHora', N'Datetime', 1, N'Fecha y hora', 0), 
(210, 83, 1, N'FechaHora', N'Datetime', 1, N'Fecha y hora', 0), 
(211, 84, 1, N'FechaHora', N'Datetime', 1, N'Fecha y hora', 0), 
(212, 85, 1, N'FechaHora', N'Datetime', 1, N'Fecha y hora', 0), 
(213, 86, 1, N'FechaHora', N'Datetime', 1, N'Fecha y hora', 0), 
(214, 87, 1, N'FechaHora', N'Datetime', 1, N'Fecha y hora', 0), 
(215, 88, 1, N'FechaHoraInicio', N'Datetime', 1, N'Fecha y hora inicio', 0), 
(216, 88, 2, N'FechaHoraFin', N'Datetime', 0, N'Fecha y hora fin', 0), 
(217, 89, 1, N'FechaHora', N'Datetime', 1, N'Fecha y hora', 0), 
(218, 90, 1, N'FechaHora', N'Datetime', 1, N'Fecha y hora', 0), 
(219, 91, 1, N'FechaHora', N'Datetime', 1, N'Fecha y hora', 0), 
(220, 92, 1, N'FechaHoraInicio', N'Datetime', 1, N'Fecha y hora inicio', 0), 
(221, 92, 2, N'FechaHoraFin', N'Datetime', 0, N'Fecha y hora fin', 0), 
(222, 93, 1, N'FechaHora', N'Datetime', 1, N'Fecha y hora', 0), 
(223, 94, 1, N'FechaHoraInicio', N'Datetime', 1, N'Fecha y hora inicio', 0), 
(224, 94, 2, N'FechaHoraFin', N'Datetime', 0, N'Fecha y hora fin', 0), 
(225, 94, 3, N'ZonaPlanificacion', N'Select', 0, N'Zona de planificación', 0), 
(226, 95, 1, N'FechaHora', N'Datetime', 1, N'Fecha y hora', 0), 
(227, 96, 1, N'FechaHoraInicio', N'Datetime', 1, N'Fecha y hora inicio', 0), 
(228, 96, 2, N'FechaHoraFin', N'Datetime', 0, N'Fecha y hora fin', 0), 
(229, 96, 3, N'ZonaPlanificacion', N'Select', 0, N'Zona de planificación', 0), 
(230, 97, 1, N'FechaHoraInicio', N'Datetime', 1, N'Fecha y hora inicio', 0), 
(231, 97, 2, N'FechaHoraFin', N'Datetime', 0, N'Fecha y hora fin', 0), 
(232, 97, 3, N'ZonaPlanificacion', N'Select', 0, N'Zona de planificación', 0), 
(233, 98, 1, N'FechaHoraInicio', N'Datetime', 1, N'Fecha y hora inicio', 0), 
(234, 98, 2, N'FechaHoraFin', N'Datetime', 0, N'Fecha y hora fin', 0), 
(235, 98, 3, N'ZonaPlanificacion', N'Select', 0, N'Zona de planificación', 0), 
(236, 99, 1, N'FechaHora', N'Datetime', 1, N'Fecha y hora', 0), 
(237, 100, 1, N'FechaHora', N'Datetime', 1, N'Fecha y hora', 0), 
(238, 102, 1, N'FechaHora', N'Datetime', 1, N'Fecha y hora', 0), 
(239, 103, 1, N'Fecha', N'Date', 1, N'Fecha ', 0), 
(240, 104, 1, N'FechaHora', N'Datetime', 1, N'Fecha y hora', 0), 
(241, 105, 1, N'Fecha', N'Date', 1, N'Fecha ', 0), 
(242, 106, 1, N'Fecha', N'Date', 1, N'Fecha ', 0), 
(243, 107, 1, N'FechaHora', N'Datetime', 1, N'Fecha y hora', 0), 
(244, 107, 2, N'FechaHoraFin', N'Datetime', 0, N'Fecha y hora fin', 0); 
SET IDENTITY_INSERT ValidacionImpactoClasificado OFF;
