INSERT INTO GrupoMedio (Id,Nombre) VALUES
     (1,N'Medios aéreos'),
     (2,N'Personal'),
     (3,N'Vehículos terrestres');

INSERT INTO SubgrupoMedio (Id,Nombre,IdGrupoMedio) VALUES
     (1,N'Helicópteros de transporte y extinción',1),
     (2,N'Tripulación medio aéreo',2),
     (3,N'Personal de extinción',2),
     (4,N'Personal Técnico',2),
     (5,N'Avión anfibio ',1),
     (6,N'Avión de observación',1),
     (7,N'Avión de extinción de carga en tierra',1),
     (8,N'Helicópteros de coordinación',1);

INSERT INTO TipoMedio (Id,Nombre,IdSubgrupoMedio) VALUES
     (1,N'Helicópteros BRIF',1),
     (2,N'Tripulación (H.BRIF)',2),
     (3,N'Brigadistas',3),
     (4,N'Técnicos extinción',4),
     (5,N'Avión Anfibio (FOCA)',5),
     (6,N'Tripulación (FOCA)',2),
     (7,N'Helicópteros HK',1),
     (8,N'Tripulación (HK)',2),
     (9,N'Tripulación (ACO)',2),
     (10,N'Avión (ACO)',6),
     (11,N'Avión Anfibio (ALFA)',5),
     (12,N'Tripulación (ALFA)',2),
     (13,N'Avión de extinción (TANGO)',7),
     (14,N'Tripulación (TANGO)',2),
     (15,N'Vehículo de Coordinación (UMAP)',7),
     (16,N'Técnicos Planificación',4),
     (17,N'Helicópteros MIKE',1),
     (18,N'Tripulación (MIKE)',2),
     (19,N'Helicópteros HOTEL',8),
     (20,N'Tripulación (HOTEL)',2),
     (21,N'Helicópteros LIMA',1),
     (22,N'Tripulación (LIMA)',2);

INSERT INTO MediosCapacidad(Id, IdTipoCapacidad, IdTipoMedio, Descripcion, NumeroMedio) VALUES
     (1,1,1,'Helicóptero de transporte y extinción BRIF',2),
     (2,1,2,'Tripulación helicóptero BRIF',4),
     (3,1,3,'1 capataz y 15 brigadistas BRIF',16),
     (4,1,4,'Técnico BRIF',1),
     (5,2,1,'Helicóptero de transporte y extinción BRIF',1),
     (6,2,2,'Tripulación helicóptero BRIF',2),
     (7,2,4,'Técnico BRIF',1),
     (8,2,3,'1 capataz y 8 brigadistas BRIF',9),
     (9,3,5,'Avión anfibio Canadair (FOCA/Tipo 1)',1),
     (10,3,6,'Tripulación avión anfibio Canadair (FOCA/Tipo 1)',2),
     (11,4,7,'Helicóptero de transporte y extinción pesado (HK)',1),
     (12,4,8,'Tripulación helicóptero pesado (HK)',2),
     (13,5,9,'Tripulación avión ACO',2),
     (14,5,10,'Avión de Comunicaciones y Observación (ACO)',1),
     (15,6,11,'Avión anfibio Airtractor (ALFA/Tipo 2)',1),
     (16,6,12,'Tripulación avión anfibio Airtractor (ALFA/Tipo 2)',1),
     (17,7,13,'Avión de extinción Airtractor (TANGO)',1),
     (18,7,14,'Tripulación avión de extinción Airtractor (TANGO)',1),
     (19,8,15,'Furgoneta (UMAP)',1),
     (20,8,16,'Personal Técnico UMAP',2),
     (21,9,4,'Técnico BLP',1),
     (22,9,3,'1 capataz y 40 brigadistas BRIF (variable)',9),
     (23,10,17,'Helicóptero de transporte y extinción medio (MIKE)',1),
     (24,10,18,'Tripulación helicóptero medio (MIKE)',2),
     (25,11,19,'Helicóptero ligero de coordinación (HOTEL)',1),
     (26,11,20,'Tripulación helicóptero ligero (HOTEL)',2),
     (27,12,21,'Helicóptero de transporte y extinción ligero (LIMA)',1),
     (28,12,22,'Tripulación helicóptero medio (LIMA)',2),
     (29,13,4,'Técnicos de extinción y Coordinadores',1),
     (30,14,3,'8 personal de extinción forestal helitransportados',8),
     (31,15,3,'8 personal de extinción forestal',1);